plot,spp,dbh_in,dbh_cm,percent_canopy,decay_class,field_height_m,field_height_ft,o1,o2,o_dist_m,broken,dead
1,TSHE,14.9,38.0,0,3,,,-9,77,5,1,1
1,TSHE,8.7,22.0,0,5,3.048,10,,,,1,1
1,TSME,7.3,18.5,0,5,,,-20,11,5,1,1
1,TSHE,6.8,17.3,100,,,,,,,,
1,TSHE,6.5,16.6,0,5,,,-17,5,5,1,1
1,TSHE,5.6,14.3,80,,,,,,,,
1,TSME,5.5,13.9,0,2,,,-12,50,5,1,1
1,TSME,5.0,12.7,85,,,,,,,,
1,TSHE,4.7,12.0,0,1,,,-34,87,5,1,1
1,TSME,4.5,11.5,85,,,,,,,,
1,TSME,4.3,11.0,80,,,,,,,,
1,TSME,4.1,10.3,0,4,,,-33,42,5,1,1
1,TSME,3.2,8.3,70,,,,,,,,
1,TSHE,2.4,6.0,75,,,,,,,,
1,TSME,1.8,4.5,85,,,,,,,,
1,TSME,1.6,4.0,65,,,,,,,,
1,TSME,1.5,3.7,0,2,,,,,,,1
1,TSHE,1.4,3.6,30,,,,,,,,
1,TSHE,1.2,3.1,65,,,,,,,,
1,TSHE,1.1,2.9,60,,,,,,,,
1,TSHE,1.1,2.8,0,2,,,,,,,1
1,TSHE,1.0,2.5,0,2,,,-12,16,5,1,1
1,TSME,0.8,2.1,0,2,,,-13,25,5,1,1
1,TSHE,0.6,1.7,45,,,,,,,,
1,TSHE,0.3,0.9,0,4,,,-18,7,5,1,1
1,TSHE,0.3,0.8,0,2,,,,,,,1
1,TSME,0.2,0.6,50,,,,,,,,
2,PISI,46.0,116.8,100,,,,,,,,
2,PISI,35.4,89.8,90,,,,,,,,
2,PISI,32.1,81.6,100,,,,,,,,
2,TSHE,30.0,76.3,100,,,,,,,,
2,PISI,27.2,69.0,0,2,,,,,,,1
2,TSHE,23.7,60.2,90,,,,,,,,
2,TSHE,21.1,53.5,90,,,,,,,,
2,TSHE,19.0,48.2,0,2,3.453215483,11.33,,,,1,1
2,TSHE,14.8,37.6,100,,,,,,,,
2,TSHE,14.6,37.0,90,,,,,,,,
2,PISI,13.3,33.7,70,,,,,,,,
2,TSHE,12.1,30.8,85,,,,,,,,
2,TSHE,11.8,30.0,90,,,,,,,,
2,TSHE,11.8,29.9,90,,,,,,,,
2,TSHE,11.7,29.6,0,4,2.0064984,6.583,,,,1,1
2,TSHE,10.7,27.3,90,,,,,,,,
2,TSHE,10.6,27.0,80,,,,,,,,
2,TSHE,10.2,25.9,0,1,,,-12,81,5,1,1
2,TSHE,10.0,25.3,100,,,,,,,,
2,TSHE,8.5,21.6,85,,,,,,,,
2,TSHE,8.5,21.5,100,,,,,,,,
2,TSHE,7.5,19.0,90,,,,,,,,
2,TSHE,7.1,18.1,0,3,,,-17,30,5,1,1
2,TSHE,7.1,18.0,100,,,,,,,,
2,TSHE,6.5,16.4,75,,,,,,,,
2,TSHE,5.5,14.0,70,,,,,,,,
2,TSHE,5.4,13.8,90,,,,,,,,
2,TSHE,5.4,13.7,0,4,,,-30,51,5,1,1
2,TSHE,5.1,13.0,0,2,,,,,,,1
2,TSHE,4.6,11.8,100,,,,,,,,
2,TSHE,3.9,9.9,0,2,,,,,,,1
2,TSHE,3.9,9.9,90,,,,,,,,
2,TSHE,3.8,9.6,85,,,,,,,,
2,TSHE,3.4,8.6,0,4,,,,,,,1
2,TSHE,3.3,8.3,0,3,3.453215483,11.33,,,,1,1
2,TSHE,3.1,8.0,0,3,,,,,,,1
2,TSHE,3.1,7.8,0,2,,,,,,,1
2,TSHE,3.0,7.6,0,3,,,-8,56,5,1,1
2,TSHE,3.0,7.5,0,3,1.6764,5.5,,,,1,1
2,TSHE,2.7,6.9,0,2,,,,,,,1
2,TSHE,2.4,6.2,0,3,,,,,,,1
2,TSHE,2.2,5.6,0,3,,,,,,,1
2,TSHE,2.2,5.5,0,4,1.8797016,6.167,,,,1,1
2,TSHE,2.2,5.5,0,missing,,,,,,,1
2,TSHE,2.0,5.0,0,3,2,6.562,,,,1,1
3,TSHE,27.1,68.8,0,missing,,,,,,,1
3,TSHE,23.5,59.8,0,2,,,-20,29,5,1,1
3,TSHE,21.4,54.3,80,,,,,,,,
3,TSHE,21.4,54.3,100,,,,,,,,
3,PISI,20.4,51.8,100,,,,,,,,
3,TSHE,19.9,50.5,80,,,,,,,,
3,TSHE,18.4,46.7,0,2,,,,,,,1
3,TSHE,18.3,46.5,80,,,,,,,,
3,PISI,17.0,43.3,80,,,,,,,,
3,TSHE,16.8,42.6,75,,,,,,,,
3,TSHE,16.7,42.5,95,,,,,,,,
3,TSHE,15.9,40.3,0,3,,,-6,38,5,1,1
3,TSHE,14.6,37.2,0,4,2.4384,8,,,,1,1
3,TSHE,13.7,34.8,0,3,,,,,,,1
3,TSHE,13.7,34.7,90,,,,,,,,
3,TSHE,13.5,34.3,95,,,,,,,,
3,TSHE,11.6,29.5,50,,,,,,,,
3,TSHE,10.9,27.7,80,,,,,,,,
3,TSHE,10.8,27.5,80,,,,,,,,
3,TSHE,10.7,27.2,90,,,,,,,,
3,TSHE,10.6,26.9,0,4,1.6764,5.5,,,,1,1
3,TSHE,9.2,23.4,0,3,,,-12,20,5,1,1
3,TSHE,9.0,22.8,80,,,,,,,,
3,TSHE,8.1,20.5,0,2,,,-9,66,5,1,1
3,TSHE,7.5,19.0,0,3,2.4384,8,,,,1,1
3,TSHE,6.8,17.3,90,,,,,,,,
3,TSHE,6.7,16.9,0,4,,,,,,,1
3,PISI,5.9,15.0,75,,,,,,,,
3,PISI,5.3,13.4,0,2,3.048,10,,,,1,1
3,TSHE,4.4,11.3,60,,,,,,,,
3,TSHE,4.3,10.9,0,missing,,,,,,,1
3,PISI,4.1,10.5,70,,,,,,,,
3,TSHE,4.1,10.4,50,,,,,,,,
3,TSHE,4.1,10.3,0,1,,,,,,,1
3,TSHE,3.2,8.2,0,3,,,,,,,1
3,TSHE,2.7,6.9,40,,,,,,,,
3,TSHE,2.6,6.6,0,missing,,,,,,,1
3,TSHE,2.5,6.4,0,1,,,,,,,1
3,TSHE,2.4,6.0,0,missing,,,,,,,1
3,TSHE,2.1,5.4,0,missing,,,,,,,1
3,TSHE,2.0,5.0,0,1,,,,,,,1
3,TSHE,2.0,5.0,90,,,,,,,,
3,TSHE,1.8,4.5,0,missing,,,,,,,1
3,TSHE,1.5,3.9,0,1,,,,,,,1
3,TSHE,1.5,3.7,0,1,,,,,,,1
3,TSHE,1.3,3.3,80,,,,,,,,
3,TSHE,1.1,2.9,0,1,,,,,,,1
3,TSHE,1.1,2.9,0,1,,,,,,,1
3,TSHE,1.1,2.7,0,1,,,,,,,1
3,TSHE,1.0,2.6,0,2,2.1336,7,,,,1,1
3,TSHE,0.9,2.4,0,1,,,,,,,1
3,TSHE,0.9,2.4,0,1,,,,,,,1
3,TSHE,0.9,2.2,0,1,,,,,,,1
3,TSHE,0.7,1.8,0,1,,,,,,,1
3,TSHE,0.7,1.7,0,1,,,,,,,1
3,TSHE,0.6,1.6,0,1,,,,,,,1
3,TSHE,0.6,1.5,0,missing,,,,,,,1
3,TSHE,0.6,1.5,0,1,,,,,,,1
3,TSHE,0.5,1.2,0,1,,,,,,,1
3,TSHE,0.4,1.1,0,missing,,,,,,,1
3,TSHE,0.4,1.1,0,1,,,,,,,1
3,TSHE,0.4,0.9,0,1,,,,,,,1
3,TSHE,0.2,0.6,0,1,,,,,,,1
4,TSHE,20.5,52.0,0,2,,,,,,,1
4,CANO,18.4,46.7,80,,,,,,,,
4,TSHE,17.5,44.4,100,,,,,,,,
4,TSHE,17.0,43.1,80,,,,,,,,
4,TSHE,16.7,42.3,0,1,,,,,,,1
4,CANO,13.4,34.0,90,,,,,,,,
4,TSHE,13.3,33.8,80,,,,,,,,
4,PISI,13.1,33.4,85,,,,,,,,
4,CANO,12.6,32.0,95,,,,,,,,
4,TSHE,11.9,30.1,0,1,,,,,,,1
4,TSHE,11.8,29.9,40,,,,,,,,
4,PISI,11.1,28.2,90,,,,,,,,
4,CANO,10.7,27.1,80,,,,,,,,
4,TSHE,10.6,27.0,0,1,,,,,,,1
4,CANO,10.6,26.9,90,,,,,,,,
4,PISI,10.1,25.7,95,,,,,,,,
4,TSHE,9.5,24.2,90,,,,,,,,
4,TSHE,9.3,23.6,0,2,,,,,,,1
4,TSHE,8.6,21.9,70,,,,,,,,
4,TSHE,7.7,19.5,80,,,,,,,,
4,TSHE,7.6,19.3,0,3,,,,,,,1
4,TSHE,7.0,17.8,50,,,,,,,,
4,TSHE,6.7,16.9,0,1,,,,,,,1
4,TSHE,5.7,14.4,15,,,,,,,,
4,TSHE,5.6,14.2,85,,,,,,,,
4,TSHE,5.5,13.9,0,3,,,,,,,1
4,TSHE,5.4,13.8,20,,,,,,,,
4,TSHE,5.0,12.8,75,,,,,,,,
4,PISI,5.0,12.7,80,,,,,,,,
4,TSHE,5.0,12.6,0,4,,,,,,,1
4,TSHE,4.7,11.9,0,3,,,,,,,1
4,TSHE,4.7,11.9,60,,,,,,,,
4,TSHE,4.7,11.9,85,,,,,,,,
4,TSHE,4.6,11.7,30,,,,,,,,
4,TSHE,4.6,11.6,0,2,,,,,,,1
4,TSHE,4.4,11.1,0,2,,,,,,,1
4,TSHE,4.3,11.0,0,1,,,,,,,1
4,TSHE,4.3,11.0,85,,,,,,,,
4,TSHE,4.0,10.2,75,,,,,,,,
4,TSHE,4.0,10.1,0,4,,,,,,,1
4,TSHE,3.9,10.0,0,5,3.048,10,,,,1,1
4,TSHE,3.7,9.3,0,2,,,,,,,1
4,TSHE,3.6,9.1,20,,,,,,,,
4,CANO,3.3,8.5,70,,,,,,,,
4,TSHE,3.0,7.6,80,,,,,,,,
4,TSHE,3.0,7.5,0,3,,,,,,,1
4,TSHE,2.8,7.0,0,1,,,,,,,1
4,TSHE,2.8,7.0,0,2,,,,,,,1
4,TSHE,2.6,6.6,0,4,,,,,,,1
4,TSHE,2.5,6.3,70,,,,,,,,
4,TSHE,2.4,6.2,0,2,,,,,,,1
4,CANO,2.3,5.8,0,3,,,,,,,1
4,TSHE,2.3,5.8,0,2,,,,,,,1
4,TSHE,2.2,5.7,0,3,,,,,,,1
4,TSHE,2.2,5.7,0,3,,,,,,,1
4,TSHE,1.8,4.6,0,3,2.7432,9,,,,1,1
4,TSHE,1.8,4.6,0,4,,,,,,,1
4,TSHE,1.7,4.4,0,4,1.8288,6,,,,1,1
4,TSHE,1.7,4.4,0,4,,,,,,,1
4,TSHE,1.6,4.1,0,2,,,,,,,1
4,TSHE,1.6,4.0,0,4,,,,,,,1
4,TSHE,1.5,3.9,0,4,,,,,,,1
4,TSHE,0.9,2.4,0,4,1.72717968,5.6666,,,,1,1
4,TSHE,0.9,2.3,0,2,,,,,,,1
5,TSHE,32.8,83.3,100,,,,,,,,
5,TSHE,27.1,68.9,0,2,,,-25,73,5,1,1
5,TSHE,25.8,65.5,80,,,,,,,,
5,TSHE,25.2,64.0,100,,,,,,,,
5,UNK,24.9,63.3,0,5,4.2672,14,,,,1,1
5,TSHE,24.6,62.4,100,,,,,,,,
5,TSHE,24.1,61.2,0,2,,,-22,67,5,1,1
5,TSHE,22.3,56.6,100,,,,,,,,
5,TSHE,20.6,52.3,0,5,4.87804878,16,,,,1,1
5,TSHE,18.8,47.7,0,2,,,-11,75,5,1,1
5,TSHE,17.0,43.1,100,,,,,,,,
5,TSHE,15.4,39.2,100,,,,,,,,
5,TSHE,15.2,38.5,0,missing,,,,,,,1
5,TSHE,14.8,37.7,100,,,,,,,,
5,TSHE,12.9,32.7,95,,,,,,,,
5,TSHE,12.2,30.9,100,,,,,,,,
5,TSHE,10.0,25.3,40,,,,,,,,
5,TSHE,5.2,13.3,100,,,,,,,,
5,TSHE,4.8,12.3,0,1,2.1336,7,,,,1,1
5,TSHE,4.4,11.1,50,,,,,,,,
5,TSHE,3.9,9.8,75,,,,,,,,
5,TSHE,3.7,9.5,0,1,1.8288,6,,,,1,1
5,TSHE,3.3,8.5,50,,,,,,,,
5,TSHE,3.1,7.9,40,,,,,,,,
5,TSHE,2.0,5.0,80,,,,,,,,
5,TSHE,0.9,2.4,40,,,,,,,,
5,TSHE,0.8,2.1,0,1,,,,,,,1
5,TSHE,0.7,1.8,80,,,,,,,,
5,TSHE,0.6,1.4,75,,,,,,,,
5,TSHE,0.5,1.2,0,1,,,,,,,1
5,TSHE,0.5,1.2,60,,,,,,,,
5,TSHE,0.4,1.0,85,,,,,,,,
5,TSHE,0.4,0.9,90,,,,,,,,
5,TSHE,0.2,0.6,40,,,,,,,,
5,TSHE,0.2,0.4,60,,,,,,,,
5,TSHE,0.1,0.3,60,,,,,,,,
5,TSHE,0.1,0.2,60,,,,,,,,
6,TSHE,44.2,112.3,80,,,,,,,,
6,PISI,28.2,71.6,90,,,,,,,,
6,TSHE,27.0,68.6,0,5,3.6576,12,,,,1,1
6,TSHE,24.2,61.5,0,3,,,-14,15,5,1,1
6,TSHE,23.9,60.7,100,,,,,,,,
6,TSHE,23.6,59.9,95,,,,,,,,
6,TSHE,21.0,53.3,80,,,,,,,,
6,TSHE,18.2,46.2,0,5,,,2,64,5,1,1
6,TSHE,16.3,41.4,90,,,,,,,,
6,TSHE,16.1,40.9,90,,,,,,,,
6,TSHE,12.9,32.8,75,,,,,,,,
6,PISI,11.2,28.4,85,,,,,,,,
6,TSHE,11.2,28.4,0,2,,,-9,61,5,1,1
6,TSHE,9.8,24.9,90,,,,,,,,
6,TSHE,9.5,24.1,90,,,,,,,,
6,TSHE,9.4,23.9,95,,,,,,,,
6,TSHE,9.0,22.9,85,,,,,,,,
6,TSHE,8.4,21.3,80,,,,,,,,
6,TSHE,8.3,21.1,0,2,3.249009448,10.66,,,,1,1
6,PISI,8.2,20.8,60,,,,,,,,
6,TSHE,8.1,20.6,20,,,,,,,,
6,TSHE,7.8,19.8,85,,,,,,,,
6,TSHE,6.4,16.3,0,1,,,,,,,1
6,TSHE,6.4,16.3,0,missing,,,,,,,1
6,TSHE,6.3,16.0,30,,,,,,,,
6,TSHE,6.3,16.0,75,,,,,,,,
6,TSHE,6.3,16.0,100,,,,,,,,
6,TSHE,6.2,15.7,0,1,,,,,,,1
6,TSHE,5.7,14.5,0,1,,,,,,,1
6,UNK,5.0,12.7,0,5,,,,,,,1
6,TSHE,4.9,12.4,90,,,,,,,,
6,TSHE,4.5,11.4,0,4,,,,,,,1
6,TSHE,4.0,10.2,0,1,,,-10,25,5,1,1
6,TSHE,3.7,9.4,15,,,,,,,,
6,TSHE,3.6,9.1,0,2,,,,,,,1
6,TSHE,3.6,9.1,0,2,,,,,,,1
6,TSHE,3.2,8.1,0,2,,,,,,,1
6,TSHE,2.9,7.4,0,3,,,,,,,1
6,TSHE,2.9,7.4,0,1,,,,,,,1
6,TSHE,2.7,6.9,0,2,,,,,,,1
6,TSHE,1.9,4.8,75,,,,,,,,
6,TSHE,1.2,3.0,75,,,,,,,,
6,TSHE,1.0,2.5,70,,,,,,,,
6,TSHE,0.5,1.3,0,1,,,,,,,1
7,TSHE,27.2,69.1,100,,,,,,,,
7,TSHE,19.7,50.0,0,1,,,,,,,1
7,TSHE,19.7,50.0,90,,,,,,,,
7,TSHE,18.3,46.5,80,,,,,,,,
7,TSHE,17.6,44.7,80,,,,,,,,
7,TSHE,17.0,43.2,0,1,,,-12,33,5,1,1
7,TSHE,16.5,41.9,0,1,,,-40,58,5,1,1
7,TSHE,14.9,37.8,0,5,,,,,,,1
7,TSHE,14.7,37.3,80,,,,,,,,
7,TSHE,13.8,35.1,70,,,,,,,,
7,PISI,13.6,34.5,0,1,,,,,,,1
7,TSHE,12.0,30.5,70,,,,,,,,
7,TSHE,11.7,29.7,80,,,,,,,,
7,UNK,11.5,29.2,0,5,,,-40,61,5,1,1
7,TSHE,9.9,25.1,80,,,,,,,,
7,TSHE,9.5,24.1,90,,,,,,,,
7,PISI,8.6,21.8,80,,,,,,,,
7,TSHE,8.4,21.3,80,,,,,,,,
7,TSHE,6.7,17.0,60,,,,,,,,
7,TSHE,6.3,16.0,80,,,,,,,,
7,TSHE,5.4,13.7,60,,,,,,,,
7,TSHE,4.8,12.2,10,,,,,,,,
7,TSHE,3.4,8.6,30,,,,,,,,
7,TSHE,2.9,7.4,0,1,,,,,,,1
7,TSHE,2.7,6.9,40,,,,,,,,
7,TSHE,2.5,6.4,0,1,,,,,,,1
7,TSHE,2.5,6.4,90,,,,,,,,
7,TSHE,2.3,5.8,0,1,,,,,,,1
7,TSHE,1.7,4.3,0,1,,,,,,,1
8,TSHE,64.1,162.8,0,5,,,-10,35,5,1,1
8,PISI,64.0,162.6,100,,,,,,,,
8,PISI,56.3,143.0,100,,,,,,,,
8,TSHE,33.7,85.6,0,1,,,-19,66,5,1,1
8,TSHE,33.1,84.1,100,,,,,,,,
8,TSHE,20.5,52.1,80,,,,,,,,
8,TSHE,17.4,44.2,90,,,,,,,,
8,TSHE,15.5,39.4,85,,,,,,,,
8,TSHE,13.5,34.3,85,,,,,,,,
8,TSHE,12.9,32.8,80,,,,,,,,
8,TSHE,12.0,30.5,95,,,,,,,,
8,TSHE,9.0,22.9,0,1,,,-9,21,5,1,1
8,TSHE,6.7,17.0,70,,,,,,,,
8,TSHE,5.6,14.2,90,,,,,,,,
8,TSHE,5.5,14.0,0,1,,,-12,22,5,1,1
8,TSHE,5.3,13.5,90,,,,,,,,
8,TSHE,3.1,7.9,0,1,,,,,,,1
9,TSHE,37.7,95.8,0,5,2.4384,8,,,,1,1
9,TSHE,37.5,95.3,100,,,,,,,,
9,PISI,26.5,67.3,0,5,2.7432,9,,,,1,1
9,TSHE,25.6,65.0,95,,,,,,,,
9,TSHE,25.5,64.8,0,5,,,-11,70,5,1,1
9,TSHE,22.0,55.9,0,5,,,-24,58,5,1,1
9,TSHE,14.4,36.6,0,5,,,-28,12,5,1,1
9,TSHE,13.8,35.1,100,,,,,,,,
9,TSHE,13.4,34.0,80,,,,,,,,
9,TSHE,10.4,26.4,0,2,,,,,,,1
9,TSHE,10.2,25.9,100,,,,,,,,
9,TSHE,8.0,20.3,90,,,,,,,,
9,TSHE,7.0,17.8,90,,,,,,,,
9,TSHE,6.7,17.0,75,,,,,,,,
9,TSHE,4.6,11.7,50,,,,,,,,
9,TSHE,4.6,11.7,95,,,,,,,,
9,TSHE,4.5,11.4,90,,,,,,,,
9,TSHE,4.2,10.7,95,,,,,,,,
9,TSHE,4.1,10.4,95,,,,,,,,
9,TSHE,3.7,9.4,80,,,,,,,,
9,TSHE,3.6,9.1,0,2,2.4384,8,,,,1,1
9,PISI,2.1,5.3,100,,,,,,,,
9,TSHE,1.0,2.5,100,,,,,,,,
10,TSHE,31.6,80.3,0,4,,,-2,52,5,1,1
10,PISI,20.6,52.3,100,,,,,,,,
10,TSHE,19.6,49.8,0,5,,,-4,50,5,1,1
10,TSHE,17.0,43.2,0,1,,,-12,18,5,1,1
10,TSHE,15.7,39.9,0,1,,,,,,,1
10,TSHE,15.5,39.4,0,5,2.7432,9,,,,1,1
10,TSHE,14.5,36.8,90,,,,,,,,
10,TSHE,12.5,31.8,0,1,,,-13,33,5,1,1
10,TSHE,11.4,29.0,0,5,,,-4,17,5,1,1
10,TSHE,11.2,28.4,95,,,,,,,,
10,TSHE,11.1,28.2,0,1,,,,,,,1
10,TSHE,10.9,27.7,85,,,,,,,,
10,TSHE,10.0,25.4,85,,,,,,,,
10,PISI,9.8,24.9,80,,,,,,,,
10,TSHE,9.6,24.4,70,,,,,,,,
10,PISI,9.1,23.1,85,,,,,,,,
10,PISI,8.5,21.6,95,,,,,,,,
10,TSHE,7.9,20.1,40,,,,,,,,
10,TSHE,6.9,17.5,80,,,,,,,,
10,TSHE,6.8,17.3,95,,,,,,,,
10,TSHE,6.5,16.5,85,,,,,,,,
10,TSHE,5.5,14.0,0,5,,,,,,,1
10,TSHE,4.3,10.9,60,,,,,,,,
10,TSHE,3.4,8.6,75,,,,,,,,
10,TSHE,2.7,6.9,90,,,,,,,,
10,TSHE,2.6,6.6,85,,,,,,,,
11,TSHE,26.0,66.0,0,1,,,-7,85,5,1,1
11,TSHE,22.8,57.9,0,1,,,-11,22,5,1,1
11,TSHE,22.5,57.2,100,,,,,,,,
11,TSHE,20.4,51.8,0,5,,,-12,16,5,1,1
11,TSHE,19.1,48.5,100,,,,,,,,
11,TSHE,15.5,39.4,75,,,,,,,,
11,TSHE,15.0,38.1,0,5,,,-7,41,5,1,1
11,TSHE,14.8,37.6,90,,,,,,,,
11,TSHE,14.5,36.8,0,1,,,-14,21,5,1,1
11,TSHE,14.5,36.8,0,5,,,-8,52,5,1,1
11,TSME,13.6,34.5,90,,,,,,,,
11,TSHE,13.0,33.0,95,,,,,,,,
11,TSHE,11.8,30.0,0,1,,,,,,,1
11,TSHE,10.8,27.4,0,1,,,-21,27,5,1,1
11,TSHE,9.5,24.1,85,,,,,,,,
11,TSHE,9.4,23.9,95,,,,,,,,
11,TSME,8.3,21.1,90,,,,,,,,
11,TSHE,8.0,20.3,0,1,,,,,,,1
11,TSHE,8.0,20.3,85,,,,,,,,
11,TSHE,8.0,20.3,90,,,,,,,,
11,TSHE,7.1,18.0,75,,,,,,,,
11,TSHE,7.0,17.8,85,,,,,,,,
11,TSHE,6.5,16.5,80,,,,,,,,
11,TSHE,6.0,15.2,85,,,,,,,,
11,TSHE,5.7,14.5,85,,,,,,,,
11,TSHE,5.2,13.2,75,,,,,,,,
11,TSHE,4.4,11.2,70,,,,,,,,
11,TSHE,4.4,11.2,85,,,,,,,,
11,TSHE,4.2,10.7,70,,,,,,,,
11,TSHE,4.1,10.4,0,5,,,,,,,1
11,TSHE,4.0,10.2,80,,,,,,,,
11,TSHE,3.7,9.4,100,,,,,,,,
11,TSHE,3.6,9.1,0,1,,,,,,,1
11,TSHE,3.5,8.9,100,,,,,,,,
11,TSHE,2.7,6.9,0,1,,,,,,,1
11,TSHE,2.6,6.6,0,1,,,,,,,1
11,PISI,2.5,6.4,95,,,,,,,,
11,PISI,2.4,6.1,100,,,,,,,,
11,TSHE,2.1,5.3,90,,,,,,,,
11,TSHE,2.1,5.3,0,1,,,,,,,1
11,TSHE,1.9,4.8,0,1,,,,,,,1
11,TSHE,1.9,4.8,0,1,,,,,,,1
11,TSHE,1.9,4.8,80,,,,,,,,
11,PISI,1.6,4.1,95,,,,,,,,
11,TSHE,1.6,4.1,0,1,,,,,,,1
11,PISI,1.3,3.3,75,,,,,,,,
11,TSHE,1.2,3.0,60,,,,,,,,
11,PISI,1.1,2.8,100,,,,,,,,
11,PISI,0.9,2.3,50,,,,,,,,
12,TSHE,28.0,71.1,0,5,,,-13,25,5,1,1
12,TSHE,20.5,52.1,30,,,,,,,,
12,TSHE,19.5,49.5,90,,,,,,,,
12,TSHE,18.0,45.7,75,,,,,,,,
12,TSHE,14.9,37.8,100,,,,,,,,
12,PISI,14.4,36.6,85,,,,,,,,
12,PISI,14.2,36.1,90,,,,,,,,
12,TSHE,11.5,29.2,0,1,,,,,,,1
12,TSHE,11.5,29.2,95,,,,,,,,
12,PISI,11.2,28.4,90,,,,,,,,
12,PISI,11.1,28.2,90,,,,,,,,
12,TSHE,9.7,24.6,80,,,,,,,,
12,TSHE,9.0,22.9,80,,,,,,,,
12,PISI,8.3,21.1,90,,,,,,,,
12,TSHE,8.0,20.3,0,5,,,-13,7,5,1,1
12,TSHE,7.4,18.8,65,,,,,,,,
12,TSHE,6.5,16.5,75,,,,,,,,
12,TSHE,6.4,16.3,0,1,,,,,,,1
12,TSHE,5.8,14.7,80,,,,,,,,
12,TSHE,5.5,14.0,85,,,,,,,,
12,TSHE,5.0,12.7,0,1,,,,,,,1
12,PISI,4.8,12.2,40,,,,,,,,
12,TSHE,4.5,11.4,30,,,,,,,,
12,TSHE,4.3,10.9,0,1,,,,,,,1
12,TSHE,4.3,10.9,80,,,,,,,,
12,TSHE,4.2,10.7,20,,,,,,,,
12,TSHE,3.8,9.7,60,,,,,,,,
12,TSHE,3.7,9.4,60,,,,,,,,
12,TSHE,3.5,8.9,70,,,,,,,,
12,TSHE,2.7,6.9,40,,,,,,,,
12,TSHE,2.7,6.9,75,,,,,,,,
12,TSHE,2.5,6.4,60,,,,,,,,
12,TSHE,2.5,6.4,75,,,,,,,,
12,TSHE,2.5,6.4,75,,,,,,,,
12,PISI,2.4,6.1,90,,,,,,,,
12,PISI,2.3,5.8,30,,,,,,,,
12,TSHE,2.3,5.8,95,,,,,,,,
12,PISI,2.1,5.3,100,,,,,,,,
12,TSHE,2.0,5.1,20,,,,,,,,
12,TSHE,2.0,5.1,90,,,,,,,,
12,TSHE,1.7,4.3,100,,,,,,,,
12,TSHE,1.6,4.1,15,,,,,,,,
12,TSHE,1.6,4.1,50,,,,,,,,
12,TSHE,1.5,3.8,30,,,,,,,,
12,PISI,1.4,3.6,90,,,,,,,,
12,TSHE,1.4,3.6,20,,,,,,,,
12,TSHE,1.4,3.6,30,,,,,,,,
12,TSHE,1.3,3.3,0,1,,,,,,,1
12,TSHE,1.2,3.0,0,1,,,,,,,1
12,TSHE,1.2,3.0,40,,,,,,,,
12,TSHE,1.2,3.0,100,,,,,,,,
12,PISI,1.1,2.8,100,,,,,,,,
12,TSHE,1.1,2.8,30,,,,,,,,
12,TSHE,1.0,2.5,0,2,,,,,,,1
12,TSHE,1.0,2.5,0,1,,,,,,,1
12,TSHE,1.0,2.5,70,,,,,,,,
12,PISI,0.9,2.3,75,,,,,,,,
12,PISI,0.9,2.3,75,,,,,,,,
12,PISI,0.7,1.8,75,,,,,,,,
12,TSHE,0.6,1.5,85,,,,,,,,
12,TSHE,0.6,1.5,90,,,,,,,,
12,TSHE,0.6,1.5,90,,,,,,,,
13,PISI,48.3,122.7,100,,,,,,,,
13,TSHE,36.4,92.5,100,,,,,,,,
13,TSHE,35.2,89.4,100,,,,,,,,
13,TSHE,32.9,83.6,0,5,1.8288,6,,,,1,1
13,TSHE,20.9,53.1,95,,,,,,,,
13,TSHE,19.0,48.3,0,1,,,,,,,1
13,TSHE,18.9,48.0,90,,,,,,,,
13,TSHE,18.3,46.5,90,,,,,,,,
13,TSHE,18.2,46.2,0,1,,,,,,,1
13,TSHE,14.0,35.6,0,1,6.09570253,20,,,,,1
13,TSHE,10.9,27.7,85,,,,,,,,
13,TSHE,9.0,22.9,75,,,,,,,,
13,TSHE,9.0,22.9,90,,,,,,,,
13,TSHE,7.4,18.8,75,,,,,,,,
13,TSHE,7.3,18.5,75,,,,,,,,
13,TSHE,6.0,15.2,75,,,,,,,,
13,PISI,2.1,5.3,100,,,,,,,,
13,PISI,1.5,3.8,65,,,,,,,,
13,TSHE,1.3,3.3,100,,,,,,,,
13,PISI,1.0,2.5,60,,,,,,,,
13,PISI,0.9,2.3,60,,,,,,,,
14,TSHE,46.5,118.1,75,,,,,,,,
14,TSHE,36.6,93.0,85,,,,,,,,
14,TSHE,34.1,86.6,0,5,5.486132277,18,,,,1,1
14,TSHE,19.7,50.0,0,5,2.7432,9,,,,1,1
14,TSHE,18.0,45.7,60,,,,,,,,
14,TSHE,16.2,41.1,40,,,,,,,,
14,TSHE,15.1,38.4,75,,,,,,,,
14,TSHE,14.4,36.6,70,,,,,,,,
14,TSHE,13.3,33.8,0,1,,,,,,,1
14,TSHE,11.3,28.7,0,5,2.1336,7,,,,1,1
14,TSHE,10.7,27.2,40,,,,,,,,
14,TSHE,10.6,26.9,50,,,,,,,,
14,TSHE,10.2,25.9,40,,,,,,,,
14,TSHE,9.5,24.1,0,5,2.4384,8,,,,1,1
14,TSHE,9.0,22.9,80,,,,,,,,
14,TSHE,6.7,17.0,30,,,,,,,,
14,TSHE,6.3,16.0,0,1,,,,,,,1
14,TSHE,6.0,15.2,0,1,,,,,,,1
14,TSHE,4.3,10.9,0,5,2.1336,7,,,,1,1
14,TSHE,3.4,8.6,0,1,,,0,20,5,1,1
14,TSHE,3.0,7.6,0,1,,,,,,,1
14,TSHE,2.6,6.6,0,1,,,-4,29,5,1,1
14,TSHE,2.0,5.1,0,1,1.9812,6.5,,,,1,1
14,TSHE,1.9,4.8,0,5,,,,,,,1
15,CANO,35.7,90.6,75,,,,,,,,
15,PISI,22.8,57.9,100,,,,,,,,
15,TSHE,21.7,55.2,0,5,,,,,,,1
15,TSHE,19.5,49.5,0,1,4.572,15,,,,1,1
15,TSHE,17.8,45.1,0,5,1.524,5,,,,1,1
15,TSHE,15.3,38.9,0,5,3.6576,12,,,,1,1
15,TSHE,13.6,34.6,90,,,,,,,,
15,TSHE,12.0,30.4,70,,,,,,,,
15,TSHE,11.4,29.0,0,5,3.6576,12,,,,1,1
15,TSHE,10.8,27.5,0,5,2.1336,7,,,,1,1
15,TSHE,10.4,26.5,90,,,,,,,,
15,TSHE,9.6,24.5,90,,,,,,,,
15,TSHE,9.1,23.1,90,,,,,,,,
15,TSHE,8.0,20.4,80,,,,,,,,
15,TSHE,7.6,19.4,0,5,3.6576,12,,,,1,1
15,CANO,7.6,19.3,90,,,,,,,,
15,TSHE,7.6,19.3,0,1,,,-4,36,5,1,1
15,TSHE,7.4,18.9,60,,,,,,,,
15,TSHE,7.2,18.2,0,5,2.4384,8,,,,1,1
15,TSHE,7.2,18.2,0,1,,,,,,,1
15,TSHE,7.0,17.9,85,,,,,,,,
15,TSHE,6.1,15.6,0,5,5.486132277,18,,,,1,1
15,TSHE,6.1,15.5,100,,,,,,,,
15,TSHE,5.4,13.8,0,1,3.048,10,,,,1,1
15,TSHE,5.3,13.5,75,,,,,,,,
15,PISI,5.1,13.0,85,,,,,,,,
15,TSHE,3.7,9.3,50,,,,,,,,
15,TSHE,3.5,8.9,40,,,,,,,,
15,TSHE,3.3,8.3,0,5,2.4384,8,,,,1,1
15,PISI,3.1,8.0,90,,,,,,,,
15,TSHE,3.1,7.9,50,,,,,,,,
15,TSHE,3.0,7.5,0,5,,,,,,,1
15,TSHE,2.6,6.7,0,1,,,,,,,1
15,TSHE,2.4,6.0,80,,,,,,,,
15,TSHE,2.2,5.5,0,1,,,,,,,1
15,TSHE,2.0,5.2,80,,,,,,,,
15,PISI,1.9,4.7,55,,,,,,,,
15,PISI,1.8,4.6,40,,,,,,,,
15,TSHE,1.7,4.4,55,,,,,,,,
15,TSHE,1.7,4.3,20,,,,,,,,
15,TSHE,1.7,4.3,100,,,,,,,,
15,TSHE,1.6,4.0,90,,,,,,,,
15,TSHE,1.5,3.9,100,,,,,,,,
15,TSHE,1.5,3.8,75,,,,,,,,
15,TSHE,1.5,3.8,100,,,,,,,,
15,PISI,1.4,3.6,50,,,,,,,,
15,TSHE,1.4,3.6,100,,,,,,,,
15,PISI,1.3,3.2,90,,,,,,,,
15,TSHE,1.2,3.1,80,,,,,,,,
15,TSHE,1.0,2.5,70,,,,,,,,
15,TSHE,1.0,2.5,80,,,,,,,,
15,TSHE,1.0,2.5,100,,,,,,,,
15,PISI,0.8,2.1,40,,,,,,,,
15,TSHE,0.8,2.1,80,,,,,,,,
15,TSHE,0.8,2.0,60,,,,,,,,
15,TSHE,0.8,2.0,90,,,,,,,,
15,TSHE,0.7,1.8,15,,,,,,,,
15,PISI,0.7,1.7,60,,,,,,,,
15,TSHE,0.7,1.7,75,,,,,,,,
15,PISI,0.6,1.4,75,,,,,,,,
15,TSHE,0.4,0.9,30,,,,,,,,
16,TSHE,37.9,96.3,100,,,,,,,,
16,PISI,32.9,83.5,80,,,,,,,,
16,PISI,30.6,77.7,100,,,,,,,,
16,TSHE,28.4,72.2,80,,,,,,,,
16,PISI,19.7,50.1,90,,,,,,,,
16,TSHE,19.6,49.7,95,,,,,,,,
16,TSHE,16.3,41.5,90,,,,,,,,
16,TSHE,14.6,37.1,80,,,,,,,,
16,TSHE,14.2,36.1,75,,,,,,,,
16,TSHE,11.4,29.0,80,,,,,,,,
16,TSHE,10.2,26.0,50,,,,,,,,
16,PISI,10.2,25.9,0,1,,,,,,,1
16,TSHE,9.4,23.9,20,,,,,,,,
16,TSHE,8.7,22.0,60,,,,,,,,
16,TSHE,8.0,20.2,20,,,,,,,,
16,TSHE,5.0,12.8,0,1,,,,,,,1
16,TSHE,4.5,11.4,0,5,,,,,,,1
16,TSHE,4.1,10.3,0,5,3.6576,12,,,,1,1
16,PISI,3.8,9.7,0,5,,,,,,,1
16,TSHE,3.5,9.0,0,5,,,,,,,1
16,ALCR,3.5,8.8,0,5,,,,,,,1
16,TSHE,2.1,5.4,0,5,,,,,,,1
16,TSHE,1.9,4.9,0,5,,,,,,,1
16,TSHE,1.8,4.6,0,5,,,,,,,1
16,TSHE,1.8,4.5,0,5,,,,,,,1
16,TSHE,1.6,4.1,0,5,1.8288,6,,,,1,1
17,PISI,64.3,163.3,100,,,,,,,,
17,TSHE,20.5,52.1,90,,,,,,,,
17,TSHE,15.9,40.5,60,,,,,,,,
17,PISI,14.8,37.7,100,,,,,,,,
17,TSHE,12.0,30.4,80,,,,,,,,
17,TSHE,10.4,26.3,100,,,,,,,,
17,TSHE,9.6,24.5,0,1,,,,,,,1
17,TSHE,7.0,17.7,75,,,,,,,,
17,TSHE,6.6,16.8,75,,,,,,,,
17,TSHE,5.2,13.2,0,5,,,,,,,1
17,TSHE,4.1,10.5,0,5,,,,,,,1
17,PISI,3.9,10.0,0,5,,,,,,,1
17,TSHE,3.0,7.5,0,5,,,,,,,1
17,PISI,2.8,7.2,0,5,,,,,,,1
17,TSHE,2.1,5.4,0,5,,,,,,,1
17,TSHE,1.7,4.3,0,5,,,,,,,1
18,TSHE,43.1,109.6,90,,,,,,,,
18,TSHE,40.8,103.6,100,,,,,,,,
18,TSHE,35.3,89.6,90,,,,,,,,
18,TSHE,28.9,73.3,90,,,,,,,,
18,TSHE,22.2,56.4,100,,,,,,,,
18,TSHE,20.5,52.0,0,5,,,-27,88,5,1,1
18,TSHE,14.5,36.9,95,,,,,,,,
18,TSHE,14.4,36.5,90,,,,,,,,
18,TSHE,11.6,29.5,80,,,,,,,,
18,TSHE,8.5,21.6,75,,,,,,,,
18,TSHE,8.0,20.4,75,,,,,,,,
18,TSHE,6.7,16.9,90,,,,,,,,
18,TSHE,5.7,14.4,0,5,,,,,,,1
18,TSHE,5.6,14.2,0,1,3.6576,12,,,,1,1
18,TSHE,5.2,13.2,0,1,1.8288,6,,,,1,1
18,TSHE,5.2,13.2,0,1,,,,,,,1
18,TSHE,4.4,11.1,0,4,,,,,,,1
18,TSHE,3.4,8.7,0,5,3.6576,12,,,,1,1
18,TSHE,3.1,8.0,0,5,,,,,,,1
18,PISI,2.9,7.3,75,,,,,,,,
18,PISI,2.6,6.5,20,,,,,,,,
18,TSHE,1.7,4.3,0,5,2.7432,9,,,,1,1
18,PISI,1.6,4.1,70,,,,,,,,
18,TSHE,1.5,3.7,0,5,3.048,10,,,,1,1
18,TSHE,1.4,3.5,0,5,1.9812,6.5,,,,1,1
18,PISI,0.6,1.5,70,,,,,,,,
19,TSHE,39.8,101.0,100,,,,,,,,
19,TSHE,35.0,88.8,0,,,,-9,75,5,1,1
19,TSHE,34.3,87.0,0,5,,,-15,41,5,1,1
19,TSHE,32.0,81.3,0,5,,,-3,74,5,1,1
19,TSHE,29.3,74.3,0,1,,,,,,,1
19,TSHE,17.2,43.8,90,,,,,,,,
19,TSHE,15.0,38.0,95,,,,,,,,
19,TSHE,13.1,33.4,0,5,5.486132277,18,,,,1,1
19,TSHE,12.7,32.2,75,,,,,,,,
19,TSHE,11.9,30.1,95,,,,,,,,
19,TSHE,11.7,29.7,95,,,,,,,,
19,TSHE,10.6,26.8,90,,,,,,,,
19,TSHE,9.6,24.4,100,,,,,,,,
19,TSHE,8.2,20.8,80,,,,,,,,
19,TSHE,8.1,20.5,60,,,,,,,,
19,TSHE,7.8,19.9,0,1,,,,,,,1
19,TSHE,7.1,18.0,40,,,,,,,,
19,TSHE,3.8,9.6,0,5,,,,,,,1
19,TSHE,2.8,7.2,0,5,,,,,,,1
19,TSHE,1.7,4.3,0,5,,,,,,,1
19,TSHE,0.5,1.2,0,5,,,,,,,1
20,PISI,72.6,184.5,100,,,,,,,,
20,TSHE,26.9,68.4,0,1,,,-13,61,5,1,1
20,TSHE,24.9,63.2,90,,,,,,,,
20,TSHE,22.9,58.1,85,,,,,,,,
20,TSHE,6.4,16.2,100,,,,,,,,
20,TSHE,2.8,7.2,0,1,,,,,,,1
20,TSHE,2.7,6.8,0,1,,,,,,,1
20,TSHE,2.6,6.5,0,5,1.72717968,5.6666,,,,1,1
20,PISI,2.5,6.4,100,,,,,,,,
20,ALCR,1.1,2.7,0,1,,,,,,,1
21,TSHE,29.5,75.0,85,,,,,,,,
21,TSHE,28.4,72.1,95,,,,,,,,
21,TSHE,20.6,52.4,75,,,,,,,,
21,TSHE,19.9,50.5,90,,,,,,,,
21,TSHE,17.0,43.3,0,5,1.8288,6,,,,1,1
21,TSHE,16.4,41.7,100,,,,,,,,
21,TSHE,15.1,38.3,100,,,,,,,,
21,TSHE,14.5,36.9,100,,,,,,,,
21,TSHE,12.6,32.1,85,,,,,,,,
21,TSHE,12.0,30.4,85,,,,,,,,
21,TSHE,8.9,22.5,0,1,,,,,,,1
21,TSHE,7.8,19.9,85,,,,,,,,
21,TSHE,7.0,17.9,0,5,,,,,,,1
21,TSHE,6.1,15.6,75,,,,,,,,
21,TSHE,5.2,13.3,0,1,,,,,,,1
21,TSHE,3.5,8.8,0,5,2.4384,8,,,,1,1
21,TSHE,3.4,8.7,0,5,2.4384,8,,,,1,1
21,PISI,3.0,7.5,0,1,,,,,,,1
21,TSHE,2.6,6.5,0,2,,,,,,,1
21,TSHE,1.8,4.5,0,5,1.8288,6,,,,1,1
21,TSHE,1.6,4.0,0,2,,,,,,,1
21,TSME,0.4,1.0,60,,,,,,,,
22,TSHE,45.1,114.6,85,,,,,,,,
22,TSHE,39.4,100.0,75,,,,,,,,
22,TSHE,38.0,96.5,100,,,,,,,,
22,TSHE,37.0,94.0,100,,,,,,,,
22,TSHE,35.6,90.5,5,,,,,,,,
22,TSHE,25.0,63.6,75,,,,,,,,
22,TSHE,21.3,54.0,100,,,,,,,,
22,TSHE,21.1,53.5,0,5,,,-23,43,5,1,1
22,TSHE,18.8,47.8,95,,,,,,,,
22,TSHE,17.2,43.6,95,,,,,,,,
22,TSHE,16.0,40.6,95,,,,,,,,
22,TSHE,11.8,30.0,95,,,,,,,,
22,TSHE,10.4,26.3,10,,,,,,,,
22,TSHE,10.4,26.3,75,,,,,,,,
22,TSHE,7.2,18.2,0,5,1.8288,6,,,,1,1
22,TSHE,7.1,18.1,20,,,,,,,,
22,PISI,5.5,13.9,80,,,,,,,,
22,TSHE,4.7,12.0,75,,,,,,,,
22,TSHE,4.4,11.1,0,1,,,,,,,1
22,PISI,4.2,10.6,0,1,,,,,,,1
22,TSHE,4.2,10.6,0,5,,,,,,,1
22,TSHE,2.6,6.7,40,,,,,,,,
22,TSHE,2.4,6.2,0,1,,,,,,,1
22,TSHE,2.4,6.2,40,,,,,,,,
22,TSHE,2.3,5.8,0,1,,,,,,,1
22,TSHE,2.2,5.7,30,,,,,,,,
22,TSHE,2.0,5.2,25,,,,,,,,
22,TSHE,1.9,4.7,20,,,,,,,,
22,PISI,1.8,4.5,40,,,,,,,,
22,TSHE,1.3,3.4,0,5,,,,,,,1
22,TSHE,1.2,3.0,0,1,,,,,,,1
22,PISI,1.1,2.7,0,1,,,,,,,1
22,PISI,0.5,1.3,20,,,,,,,,
22,PISI,0.5,1.2,20,,,,,,,,
22,PISI,0.4,1.0,15,,,,,,,,
23,CANO,31.8,80.8,100,,,,,,,,
23,CANO,30.4,77.2,80,,,,,,,,
23,TSHE,25.9,65.7,100,,,,,,,,
23,TSHE,24.6,62.4,0,5,,,,,,,1
23,CANO,22.4,57.0,90,,,,,,,,
23,TSHE,21.4,54.3,80,,,,,,,,
23,PISI,18.5,46.9,90,,,,,,,,
23,CANO,17.7,44.9,90,,,,,,,,
23,CANO,17.5,44.5,90,,,,,,,,
23,TSHE,17.5,44.5,100,,,,,,,,
23,TSHE,17.2,43.8,90,,,,,,,,
23,TSHE,16.5,42.0,100,,,,,,,,
23,TSHE,14.3,36.3,95,,,,,,,,
23,CANO,8.3,21.2,95,,,,,,,,
23,TSHE,6.3,16.0,0,1,,,,,,,1
23,TSHE,6.1,15.6,70,,,,,,,,
23,TSHE,5.4,13.8,10,,,,,,,,
23,TSHE,5.3,13.4,0,5,2.1336,7,,,,1,1
23,TSHE,5.2,13.1,95,,,,,,,,
23,TSHE,4.9,12.4,0,5,,,,,,,1
23,TSHE,4.3,10.9,80,,,,,,,,
23,TSHE,4.1,10.5,95,,,,,,,,
23,TSHE,4.1,10.4,0,1,,,,,,,1
23,TSHE,4.1,10.3,100,,,,,,,,
23,UNK,3.8,9.6,0,5,,,,,,,1
23,TSHE,3.7,9.3,0,5,,,,,,,1
23,TSHE,3.2,8.1,80,,,,,,,,
23,TSHE,3.1,7.9,0,5,,,,,,,1
23,TSHE,2.4,6.0,60,,,,,,,,
23,TSHE,1.5,3.9,0,5,,,,,,,1
24,CANO,15.0,38.2,0,1,,,,,,,1
24,TSME,11.1,28.1,0,5,,,,,,,1
24,CANO,10.4,26.5,95,,,,,,,,
24,CANO,9.0,22.8,80,,,,,,,,
24,TSME,7.2,18.3,90,,,,,,,,
24,TSME,6.8,17.2,95,,,,,,,,
24,TSME,6.5,16.6,90,,,,,,,,
24,CANO,5.8,14.8,80,,,,,,,,
24,TSME,5.6,14.2,90,,,,,,,,
24,TSME,5.4,13.8,90,,,,,,,,
24,TSME,5.2,13.3,90,,,,,,,,
24,TSME,5.2,13.1,0,1,,,,,,,1
24,TSME,5.1,13.0,90,,,,,,,,
24,TSME,5.1,12.9,95,,,,,,,,
24,TSHE,4.4,11.2,80,,,,,,,,
24,TSME,4.3,10.8,0,1,,,,,,,1
24,TSME,4.1,10.4,90,,,,,,,,
24,TSME,3.7,9.5,95,,,,,,,,
24,TSME,3.6,9.1,0,5,,,,,,,1
24,TSME,3.4,8.6,0,5,,,,,,,1
24,TSME,3.2,8.2,0,1,,,,,,,1
24,TSME,3.2,8.2,95,,,,,,,,
24,TSME,3.1,7.9,100,,,,,,,,
24,TSME,3.0,7.6,0,1,,,,,,,1
24,TSME,2.9,7.3,90,,,,,,,,
24,PISI,2.8,7.2,75,,,,,,,,
24,TSME,2.6,6.7,75,,,,,,,,
24,TSME,2.6,6.7,5,,,,,,,,
24,TSHE,2.6,6.5,90,,,,,,,,
24,TSME,2.6,6.5,0,1,,,,,,,1
24,TSHE,2.4,6.2,90,,,,,,,,
24,TSME,2.2,5.6,95,,,,,,,,
24,TSHE,2.1,5.4,80,,,,,,,,
24,TSME,2.0,5.0,0,1,,,,,,,1
24,TSME,1.7,4.4,0,1,,,,,,,1
24,TSME,1.7,4.2,0,1,,,,,,,1
24,TSME,1.6,4.0,0,1,,,,,,,1
24,TSME,0.9,2.2,80,,,,,,,,
24,TSME,0.7,1.9,95,,,,,,,,
24,TSME,0.6,1.5,0,1,,,,,,,1
24,TSME,0.5,1.2,100,,,,,,,,
25,PISI,29.4,74.6,75,,,,,,,,
25,TSHE,29.3,74.5,0,5,4.876562024,16,,,,1,1
25,PISI,28.1,71.5,95,,,,,,,,
25,TSHE,19.4,49.4,95,,,,,,,,
25,TSHE,19.2,48.7,100,,,,,,,,
25,PISI,17.7,45.0,95,,,,,,,,
25,TSHE,13.9,35.3,95,,,,,,,,
25,TSHE,12.2,31.0,0,1,,,,,,,1
25,TSHE,12.2,31.0,100,,,,,,,,
25,TSHE,9.7,24.6,100,,,,,,,,
25,TSHE,9.6,24.5,60,,,,,,,,
25,TSHE,9.3,23.6,90,,,,,,,,
25,TSHE,9.0,22.8,20,,,,,,,,
25,TSME,8.3,21.2,50,,,,,,,,
25,TSHE,8.0,20.2,90,,,,,,,,
25,TSHE,7.1,18.1,30,,,,,,,,
25,TSHE,6.8,17.2,0,1,,,,,,,1
25,TSHE,6.4,16.3,40,,,,,,,,
25,TSHE,6.4,16.2,80,,,,,,,,
25,TSHE,6.3,16.1,75,,,,,,,,
25,ALCR,4.7,11.9,95,,,,,,,,
25,TSHE,4.3,10.8,75,,,,,,,,
25,TSHE,4.0,10.2,30,,,,,,,,
25,TSHE,3.5,8.8,0,1,,,,,,,1
25,TSHE,3.3,8.3,0,2,,,,,,,1
25,TSHE,3.2,8.1,0,1,,,,,,,1
25,ALCR,3.0,7.5,100,,,,,,,,
25,TSHE,2.5,6.4,0,2,,,,,,,1
25,TSHE,2.4,6.1,75,,,,,,,,
25,TSHE,2.2,5.6,0,1,,,,,,,1
25,TSHE,2.2,5.5,0,1,,,,,,,1
25,TSHE,1.6,4.0,0,1,,,,,,,1
25,TSHE,1.6,4.0,0,2,,,,,,,1
25,TSHE,1.5,3.8,80,,,,,,,,
25,TSHE,1.5,3.7,0,5,,,,,,,1
25,TSHE,1.2,3.1,0,2,,,,,,,1
25,TSHE,1.0,2.6,0,2,,,,,,,1
25,TSHE,1.0,2.6,0,2,,,,,,,1
25,TSME,1.0,2.5,40,,,,,,,,
25,PISI,0.7,1.7,0,5,1.72717968,5.6666,,,,1,1
25,PISI,0.6,1.6,25,,,,,,,,
25,PISI,0.5,1.3,10,,,,,,,,
25,PISI,0.5,1.3,20,,,,,,,,
25,PISI,0.5,1.2,0,1,,,,,,,1
25,TSHE,0.4,1.0,15,,,,,,,,
25,PISI,0.3,0.7,15,,,,,,,,
26,TSHE,38.9,98.8,0,5,,,,,,,1
26,TSHE,23.7,60.2,70,,,,,,,,
26,TSHE,23.1,58.6,100,,,,,,,,
26,PISI,21.8,55.3,95,,,,,,,,
26,TSHE,21.8,55.3,0,2,,,-22,68,5,1,1
26,TSHE,21.6,54.9,100,,,,,,,,
26,TSHE,18.1,46.0,100,,,,,,,,
26,TSHE,16.1,41.0,0,5,,,,,,,1
26,TSHE,16.1,40.8,100,,,,,,,,
26,PISI,15.0,38.0,95,,,,,,,,
26,UNK,12.6,32.0,0,5,,,-7,57,5,1,1
26,TSHE,12.2,31.0,0,2,,,-22,57,5,1,1
26,TSHE,10.8,27.4,100,,,,,,,,
26,TSHE,10.5,26.7,95,,,,,,,,
26,TSHE,10.1,25.6,0,5,1.8288,6,,,,1,1
26,TSHE,9.1,23.2,100,,,,,,,,
26,TSHE,8.9,22.6,100,,,,,,,,
26,TSHE,7.1,18.1,95,,,,,,,,
26,UNK,7.1,18.0,0,5,1.8288,6,,,,1,1
26,TSHE,6.5,16.4,95,,,,,,,,
26,TSHE,6.2,15.8,95,,,,,,,,
26,TSHE,3.6,9.2,95,,,,,,,,
26,TSME,3.5,8.8,95,,,,,,,,
26,TSHE,2.8,7.0,60,,,,,,,,
26,TSHE,2.3,5.8,95,,,,,,,,
26,TSHE,2.0,5.0,95,,,,,,,,
26,TSHE,1.9,4.8,95,,,,,,,,
26,TSHE,1.8,4.5,0,1,,,,,,,1
26,TSHE,1.7,4.4,0,1,,,,,,,1
26,TSHE,1.7,4.2,0,1,,,,,,,1
26,TSHE,1.3,3.3,0,1,,,,,,,1
26,PISI,0.9,2.2,80,,,,,,,,
26,TSHE,0.8,2.0,20,,,,,,,,
26,TSHE,0.7,1.9,0,1,,,,,,,1
26,TSHE,0.5,1.3,0,1,,,,,,,1
26,TSHE,0.4,1.0,80,,,,,,,,
27,TSHE,48.8,124.0,100,,,,,,,,
27,TSHE,41.5,105.5,0,5,3.048,10,,,,1,1
27,TSHE,37.8,96.0,100,,,,,,,,
27,TSHE,20.4,51.8,0,5,1.8288,6,,,,1,1
27,TSHE,17.4,44.3,95,,,,,,,,
27,TSHE,16.7,42.4,95,,,,,,,,
27,TSHE,13.6,34.5,100,,,,,,,,
27,TSHE,12.8,32.5,100,,,,,,,,
27,PISI,8.6,21.8,0,1,4.2672,14,,,,1,1
27,TSHE,8.3,21.1,80,,,,,,,,
27,TSHE,7.3,18.5,80,,,,,,,,
27,TSHE,6.7,17.0,0,5,1.8288,6,,,,1,1
27,PISI,5.3,13.4,0,5,,,,,,,1
27,TSHE,5.2,13.2,0,1,,,,,,,1
27,PISI,1.5,3.8,60,,,,,,,,
27,PISI,0.9,2.4,40,,,,,,,,
27,PISI,0.9,2.3,75,,,,,,,,
27,PISI,0.9,2.3,75,,,,,,,,
27,PISI,0.9,2.2,75,,,,,,,,
27,PISI,0.7,1.7,100,,,,,,,,
27,PISI,0.6,1.6,0,1,,,,,,,1
27,PISI,0.6,1.4,60,,,,,,,,
27,PISI,0.4,1.1,80,,,,,,,,
27,PISI,0.4,1.1,85,,,,,,,,
27,PISI,0.4,1.0,80,,,,,,,,
27,PISI,0.1,0.2,75,,,,,,,,
27,PISI,0.0,0.1,80,,,,,,,,
27,PISI,0.0,0.1,85,,,,,,,,
28,PISI,61.2,155.4,100,,,,,,,,
28,TSHE,40.7,103.3,100,,,,,,,,
28,TSHE,40.6,103.2,100,,,,,,,,
28,TSHE,33.9,86.0,0,5,1.828710759,6,,,,1,1
28,TSHE,30.2,76.8,100,,,,,,,,
28,TSHE,28.7,72.8,0,1,,,1,68,5,1,1
28,TSHE,21.3,54.0,100,,,,,,,,
28,TSHE,14.4,36.7,95,,,,,,,,
28,TSHE,11.5,29.3,85,,,,,,,,
28,TSHE,8.8,22.3,0,5,1.8288,6,,,,1,1
28,TSHE,8.0,20.3,70,,,,,,,,
28,TSHE,8.0,20.2,85,,,,,,,,
28,TSHE,7.7,19.5,0,5,1.981103322,6.5,,,,1,1
28,TSHE,5.4,13.6,80,,,,,,,,
28,TSHE,4.7,12.0,80,,,,,,,,
28,TSHE,4.1,10.3,0,1,,,,,,,1
28,TSHE,3.1,8.0,0,2,,,,,,,1
28,TSHE,3.1,7.9,0,2,,,,,,,1
28,TSHE,2.6,6.5,0,1,,,,,,,1
28,TSHE,2.4,6.1,0,5,,,,,,,1
28,TSHE,2.0,5.0,0,5,,,,,,,1
28,TSHE,1.8,4.5,0,1,,,,,,,1
28,TSHE,1.3,3.3,0,5,,,,,,,1
29,PISI,39.6,100.5,100,,,,,,,,
29,TSHE,25.9,65.7,0,5,2.4384,8,,,,1,1
29,TSHE,21.2,53.9,90,,,,,,,,
29,TSHE,20.4,51.7,0,5,3.6576,12,,,,1,1
29,TSHE,19.7,50.0,90,,,,,,,,
29,UNK,18.9,48.0,0,5,1.8288,6,,,,1,1
29,TSHE,17.6,44.8,100,,,,,,,,
29,UNK,17.2,43.6,0,5,1.8288,6,,,,1,1
29,TSHE,15.6,39.7,95,,,,,,,,
29,TSHE,14.8,37.7,0,1,,,-5,60,5,1,1
29,TSHE,14.1,35.9,100,,,,,,,,
29,TSHE,13.6,34.6,90,,,,,,,,
29,TSHE,13.4,34.1,90,,,,,,,,
29,TSHE,12.5,31.8,95,,,,,,,,
29,TSHE,11.5,29.3,80,,,,,,,,
29,TSHE,9.1,23.2,80,,,,,,,,
29,TSHE,6.9,17.6,0,1,,,,,,,1
29,TSHE,6.3,16.1,90,,,,,,,,
29,TSHE,6.1,15.5,80,,,,,,,,
29,TSHE,6.0,15.2,0,1,,,,,,,1
29,TSHE,5.6,14.1,10,,,,,,,,
29,UNK,5.0,12.8,0,1,,,,,,,1
29,TSHE,4.3,11.0,0,1,,,,,,,1
29,UNK,4.1,10.3,0,1,,,,,,,1
29,TSHE,3.5,9.0,60,,,,,,,,
29,TSHE,3.4,8.6,0,1,,,,,,,1
29,TSHE,3.4,8.6,75,,,,,,,,
29,UNK,3.3,8.4,0,5,,,,,,,1
29,UNK,2.6,6.5,0,5,,,,,,,1
29,UNK,2.5,6.4,0,5,2.4384,8,,,,1,1
29,UNK,2.2,5.6,0,5,2.7432,9,,,,1,1
29,UNK,2.2,5.5,0,5,1.524,5,,,,1,1
29,UNK,2.1,5.3,0,5,1.8288,6,,,,1,1
29,PISI,1.5,3.9,0,1,,,,,,,1
29,TSHE,1.4,3.5,0,5,,,,,,,1
29,PISI,0.4,0.9,0,1,,,,,,,1
29,PISI,0.2,0.6,0,1,,,,,,,1
30,PISI,68.1,173.0,0,5,,,-6,78,5,1,1
30,PISI,68.0,172.8,100,,,,,,,,
30,TSHE,22.8,57.8,20,,,,,,,,
30,TSHE,19.4,49.4,100,,,,,,,,
30,TSHE,18.1,45.9,90,,,,,,,,
30,TSHE,17.0,43.2,100,,,,,,,,
30,UNK,16.5,41.9,0,5,1.8288,6,,,,1,1
30,UNK,14.6,37.0,0,5,2.1336,7,,,,1,1
30,TSHE,13.9,35.3,100,,,,,,,,
30,TSHE,12.6,32.0,100,,,,,,,,
30,TSHE,12.3,31.3,100,,,,,,,,
30,TSHE,11.9,30.3,100,,,,,,,,
30,TSHE,11.4,29.0,95,,,,,,,,
30,TSHE,8.8,22.4,90,,,,,,,,
30,UNK,7.4,18.8,0,5,3.6576,12,,,,1,1
30,TSHE,7.2,18.3,95,,,,,,,,
30,TSHE,6.9,17.5,80,,,,,,,,
30,PISI,5.3,13.4,0,1,,,,,,,1
30,TSHE,4.2,10.7,0,1,,,,,,,1
30,PISI,4.0,10.1,0,1,,,,,,,1
30,TSHE,3.8,9.6,0,1,,,,,,,1
30,TSHE,3.5,8.8,95,,,,,,,,
30,PISI,3.3,8.5,100,,,,,,,,
30,PISI,2.2,5.7,0,1,,,,,,,1
30,PISI,2.2,5.6,0,1,,,,,,,1
30,PISI,1.7,4.4,0,1,,,,,,,1
30,PISI,1.7,4.2,0,1,,,,,,,1
30,PISI,1.3,3.4,70,,,,,,,,
30,PISI,1.3,3.2,0,1,,,,,,,1
30,PISI,1.2,3.1,0,1,,,,,,,1
30,TSHE,1.1,2.8,75,,,,,,,,
30,PISI,1.0,2.6,0,1,,,,,,,1
30,PISI,0.4,1.0,0,1,,,,,,,1
31,TSHE,25.5,64.8,95,,,,,,,,
31,CANO,23.8,60.5,80,,,,,,,,
31,TSHE,21.8,55.3,100,,,,,,,,
31,TSHE,21.5,54.7,80,,,,,,,,
31,CANO,19.5,49.6,30,,,,,,,,
31,CANO,19.0,48.3,0,5,,,,,,,1
31,CANO,18.0,45.7,100,,,,,,,,
31,TSHE,12.5,31.8,60,,,,,,,,
31,TSHE,11.9,30.3,100,,,,,,,,
31,TSHE,11.7,29.7,100,,,,,,,,
31,CANO,11.5,29.2,80,,,,,,,,
31,TSHE,11.4,29.0,90,,,,,,,,
31,TSHE,11.0,27.9,95,,,,,,,,
31,TSHE,9.6,24.4,80,,,,,,,,
31,UNK,8.8,22.3,0,5,2.133495885,7,,,,,1
31,TSHE,8.7,22.0,100,,,,,,,,
31,TSHE,8.5,21.5,0,5,1.8288,6,,,,1,1
31,TSHE,5.8,14.8,100,,,,,,,,
31,PISI,4.8,12.1,90,,,,,,,,
31,TSHE,4.8,12.1,100,,,,,,,,
31,PISI,4.7,12.0,100,,,,,,,,
31,UNK,4.7,12.0,0,5,,,,,,,1
31,PISI,4.0,10.2,100,,,,,,,,
31,PISI,4.0,10.1,95,,,,,,,,
31,PISI,3.9,9.8,100,,,,,,,,
31,TSHE,3.9,9.8,0,5,,,,,,,1
31,TSHE,3.9,9.8,90,,,,,,,,
31,TSHE,3.8,9.6,60,,,,,,,,
31,PISI,3.7,9.5,50,,,,,,,,
31,TSHE,3.7,9.4,0,5,,,,,,,1
31,PISI,3.6,9.2,90,,,,,,,,
31,TSHE,3.4,8.7,80,,,,,,,,
31,UNK,3.4,8.6,0,5,1.8288,6,,,,1,1
31,PISI,3.2,8.1,80,,,,,,,,
31,PISI,3.2,8.1,80,,,,,,,,
31,CANO,3.1,7.9,0,2,,,,,,,1
31,TSHE,3.1,7.8,95,,,,,,,,
31,UNK,2.9,7.4,0,5,1.828710759,6,,,,,1
31,TSHE,2.9,7.3,95,,,,,,,,
31,UNK,2.8,7.2,0,5,,,,,,,1
31,PISI,2.8,7.1,0,1,,,,,,,1
31,PISI,2.8,7.1,100,,,,,,,,
31,CANO,2.7,6.9,0,5,,,,,,,1
31,PISI,2.7,6.8,100,,,,,,,,
31,UNK,2.4,6.2,0,5,2.1336,7,,,,1,1
31,UNK,2.4,6.0,0,5,,,,,,,1
31,PISI,2.3,5.9,90,,,,,,,,
31,UNK,2.3,5.9,0,5,,,,,,,1
31,UNK,1.9,4.8,0,5,,,,,,,1
31,PISI,1.9,4.7,100,,,,,,,,
31,PISI,1.8,4.6,0,1,,,,,,,1
31,TSHE,1.8,4.6,0,5,,,,,,,1
31,UNK,1.8,4.5,0,5,,,,,,,1
31,TSHE,1.8,4.5,90,,,,,,,,
31,PISI,1.7,4.4,80,,,,,,,,
31,TSHE,1.7,4.4,90,,,,,,,,
31,UNK,1.7,4.3,0,5,,,,,,,1
31,TSHE,1.6,4.1,40,,,,,,,,
31,PISI,1.6,4.0,0,5,,,,,,,1
31,TSHE,1.6,4.0,90,,,,,,,,
31,UNK,1.5,3.8,0,5,,,,,,,1
31,PISI,1.4,3.5,60,,,,,,,,
31,TSHE,1.4,3.5,90,,,,,,,,
31,TSHE,1.3,3.4,75,,,,,,,,
31,PISI,1.3,3.2,0,1,,,,,,,1
31,TSHE,1.3,3.2,75,,,,,,,,
31,TSHE,1.3,3.2,100,,,,,,,,
31,PISI,1.2,3.1,80,,,,,,,,
31,UNK,1.2,3.0,0,5,,,,,,,1
31,PISI,1.1,2.7,0,1,,,,,,,1
31,PISI,1.1,2.7,0,5,,,,,,,1
31,PISI,1.1,2.7,95,,,,,,,,
31,PISI,1.0,2.5,0,5,,,,,,,1
31,TSHE,0.9,2.4,100,,,,,,,,
31,PISI,0.9,2.3,90,,,,,,,,
31,PISI,0.8,2.0,0,1,,,,,,,1
31,TSHE,0.7,1.9,0,1,,,,,,,1
31,TSHE,0.7,1.9,90,,,,,,,,
31,TSHE,0.7,1.8,0,5,1.72717968,5.6666,,,,1,1
31,PISI,0.6,1.6,0,1,,,,,,,1
31,PISI,0.6,1.6,90,,,,,,,,
31,PISI,0.6,1.5,75,,,,,,,,
31,PISI,0.5,1.3,0,1,,,,,,,1
31,TSHE,0.5,1.2,20,,,,,,,,
31,PISI,0.4,1.0,0,1,,,,,,,1
31,PISI,0.4,1.0,60,,,,,,,,
31,PISI,0.3,0.8,70,,,,,,,,
31,PISI,0.3,0.8,90,,,,,,,,
31,PISI,0.3,0.7,0,1,,,,,,,1
32,TSHE,60.7,154.1,0,5,,,,,,,1
32,PISI,40.7,103.4,100,,,,,,,,
32,PISI,28.3,71.8,100,,,,,,,,
32,PISI,27.8,70.7,100,,,,,,,,
32,PISI,21.6,54.9,100,,,,,,,,
32,TSHE,20.6,52.2,100,,,,,,,,
32,PISI,19.9,50.6,90,,,,,,,,
32,TSHE,19.3,49.0,0,5,,,-3,40,5,1,1
32,TSHE,17.8,45.2,90,,,,,,,,
32,TSHE,17.7,44.9,100,,,,,,,,
32,TSHE,16.2,41.2,0,5,,,-12,55,5,1,1
32,TSHE,16.0,40.7,100,,,,,,,,
32,PISI,15.2,38.5,90,,,,,,,,
32,TSHE,14.5,36.9,100,,,,,,,,
32,TSHE,14.4,36.5,100,,,,,,,,
32,TSHE,13.7,34.8,100,,,,,,,,
32,TSHE,12.6,32.0,0,5,,,-6,57,5,1,1
32,UNK,12.3,31.2,0,5,,,-2,46,5,1,1
32,TSHE,12.1,30.7,0,5,,,8,65,5,1,1
32,TSHE,11.2,28.4,95,,,,,,,,
32,TSHE,10.4,26.4,90,,,,,,,,
32,TSHE,10.0,25.5,95,,,,,,,,
32,TSHE,8.7,22.1,100,,,,,,,,
32,TSHE,8.5,21.6,90,,,,,,,,
32,TSHE,8.1,20.7,90,,,,,,,,
32,UNK,7.8,19.9,0,5,2.1336,7,,,,1,1
32,TSHE,7.5,19.0,90,,,,,,,,
32,UNK,7.4,18.8,0,5,,,,,,,1
32,PISI,7.4,18.7,0,5,3.048,10,,,,1,1
32,UNK,7.1,18.1,0,5,3.048,10,,,,1,1
32,TSHE,7.0,17.8,95,,,,,,,,
32,TSHE,5.7,14.5,0,5,2.4384,8,,,,1,1
32,UNK,3.9,10.0,0,5,1.8288,6,,,,1,1
33,PISI,42.7,108.4,90,,,,,,,,
33,TSHE,26.0,66.0,0,5,5.486132277,18,,,,1,1
33,TSHE,24.9,63.3,0,5,,,,,,,1
33,TSHE,18.8,47.7,0,1,,,-20,44,5,1,1
33,TSHE,18.1,46.0,100,,,,,,,,
33,TSHE,15.5,39.4,100,,,,,,,,
33,TSHE,14.7,37.3,95,,,,,,,,
33,PISI,14.5,36.8,75,,,,,,,,
33,UNK,14.2,36.0,0,5,1.8288,6,,,,1,1
33,TSHE,13.8,35.0,100,,,,,,,,
33,TSHE,13.6,34.5,100,,,,,,,,
33,TSHE,13.6,34.5,100,,,,,,,,
33,UNK,12.8,32.4,0,5,3.6576,12,,,,1,1
33,TSHE,11.6,29.5,95,,,,,,,,
33,TSHE,11.5,29.3,95,,,,,,,,
33,TSHE,10.8,27.4,90,,,,,,,,
33,TSHE,10.7,27.2,95,,,,,,,,
33,TSHE,10.4,26.4,0,1,,,,,,,1
33,TSHE,10.0,25.4,0,1,,,-25,37,5,1,1
33,TSHE,9.5,24.1,95,,,,,,,,
33,TSHE,8.8,22.3,95,,,,,,,,
33,UNK,8.7,22.2,0,5,,,,,,,1
33,TSHE,8.7,22.0,95,,,,,,,,
33,UNK,8.3,21.2,0,5,1.8288,6,,,,1,1
33,TSHE,7.3,18.5,80,,,,,,,,
33,UNK,6.1,15.5,0,1,,,,,,,1
33,TSHE,5.8,14.7,95,,,,,,,,
33,UNK,5.1,13.0,0,5,,,,,,,1
33,TSHE,4.9,12.4,100,,,,,,,,
33,TSHE,4.8,12.3,0,1,,,,,,,1
33,PISI,4.8,12.1,90,,,,,,,,
33,UNK,4.3,10.8,0,1,,,-25,34,5,1,1
33,TSHE,4.3,10.8,95,,,,,,,,
33,TSHE,4.0,10.2,90,,,,,,,,
33,UNK,3.6,9.2,0,5,1.8288,6,,,,1,1
33,UNK,3.4,8.7,0,5,,,,,,,1
33,TSHE,3.1,8.0,0,1,,,,,,,1
33,TSHE,3.1,8.0,15,,,,,,,,
33,UNK,2.6,6.5,0,5,1.828710759,6,,,,1,1
33,TSHE,2.3,5.9,95,,,,,,,,
33,UNK,2.1,5.4,0,5,,,,,,,1
33,UNK,2.0,5.1,0,5,,,,,,,1
33,PISI,1.9,4.9,60,,,,,,,,
33,TSHE,1.0,2.5,90,,,,,,,,
34,PISI,46.1,117.0,100,,,,,,,,
34,TSHE,32.7,83.0,0,5,,,-19,46,5,1,1
34,TSHE,30.4,77.2,0,5,,,-5,69,5,1,1
34,UNK,23.9,60.8,0,5,1.8288,6,,,,1,1
34,TSHE,21.3,54.0,0,5,,,-11,43,5,1,1
34,TSHE,20.8,52.9,0,5,,,,,,,1
34,TSHE,20.6,52.2,95,,,,,,,,
34,TSHE,17.8,45.3,100,,,,,,,,
34,UNK,14.4,36.7,0,5,4.876562024,16,,,,,1
34,TSHE,13.9,35.2,95,,,,,,,,
34,TSHE,11.3,28.6,80,,,,,,,,
34,TSHE,10.8,27.5,95,,,,,,,,
34,TSHE,8.9,22.7,0,2,,,,,,,1
34,UNK,8.6,21.9,0,5,1.8288,6,,,,1,1
34,TSHE,8.6,21.9,95,,,,,,,,
34,TSHE,8.3,21.2,100,,,,,,,,
34,TSHE,7.6,19.2,95,,,,,,,,
34,TSHE,7.2,18.4,95,,,,,,,,
34,TSHE,7.0,17.8,95,,,,,,,,
34,TSHE,6.2,15.7,95,,,,,,,,
34,TSHE,5.7,14.5,95,,,,,,,,
34,UNK,5.6,14.2,0,5,,,,,,,1
34,TSHE,5.6,14.1,95,,,,,,,,
34,TSHE,4.4,11.2,90,,,,,,,,
34,TSHE,3.9,9.9,90,,,,,,,,
34,TSHE,3.1,8.0,95,,,,,,,,
34,UNK,2.8,7.2,0,5,,,,,,,1
34,TSHE,2.8,7.2,95,,,,,,,,
34,TSHE,2.7,6.9,30,,,,,,,,
34,TSHE,2.0,5.1,95,,,,,,,,
34,UNK,1.9,4.9,0,5,1.8288,6,,,,1,1
34,TSHE,1.9,4.9,0,1,,,,,,,1
34,TSHE,1.9,4.8,85,,,,,,,,
34,TSHE,1.6,4.0,0,1,,,,,,,1
34,TSHE,1.3,3.4,85,,,,,,,,
34,PISI,1.1,2.9,60,,,,,,,,
34,TSHE,1.1,2.9,85,,,,,,,,
34,TSHE,0.6,1.5,95,,,,,,,,
34,TSHE,0.2,0.5,85,,,,,,,,
35,TSHE,49.4,125.5,95,,,,,,,,
35,TSHE,46.0,116.8,95,,,,,,,,
35,TSHE,22.0,56.0,0,5,2.1336,7,,,,1,1
35,TSHE,20.2,51.3,100,,,,,,,,
35,TSHE,18.6,47.2,100,,,,,,,,
35,TSHE,18.5,47.0,100,,,,,,,,
35,TSHE,18.4,46.7,100,,,,,,,,
35,TSHE,16.9,42.9,80,,,,,,,,
35,UNK,10.9,27.8,0,5,2.1336,7,,,,1,1
35,PISI,7.6,19.2,0,5,,,,,,,1
35,UNK,3.9,9.8,0,5,1.8288,6,,,,1,1
35,PISI,1.6,4.0,0,5,,,,,,,1
35,PISI,1.6,4.0,85,,,,,,,,
35,PISI,1.5,3.9,70,,,,,,,,
35,PISI,1.1,2.8,90,,,,,,,,
35,PISI,0.7,1.7,80,,,,,,,,
36,TSHE,57.2,145.4,95,,,,,,,,
36,UNK,50.8,129.0,0,5,,,-12,44,5,1,1
36,TSHE,40.6,103.2,100,,,,,,,,
36,TSHE,36.1,91.6,95,,,,,,,,
36,TSHE,29.8,75.8,100,,,,,,,,
36,TSHE,29.5,75.0,100,,,,,,,,
36,TSHE,11.6,29.5,70,,,,,,,,
36,TSHE,8.5,21.6,100,,,,,,,,
36,TSHE,7.5,19.0,100,,,,,,,,
36,TSHE,6.4,16.2,95,,,,,,,,
36,TSHE,4.6,11.7,95,,,,,,,,
36,TSHE,4.4,11.2,90,,,,,,,,
36,TSHE,3.7,9.4,0,5,,,,,,,1
36,TSHE,2.8,7.0,70,,,,,,,,
36,TSHE,1.9,4.9,95,,,,,,,,
36,UNK,0.4,1.0,0,5,,,,,,,1
37,TSHE,57.4,145.7,80,,,,,,,,
37,TSHE,51.8,131.6,90,,,,,,,,
37,TSHE,51.7,131.2,100,,,,,,,,
37,TSHE,49.4,125.5,95,,,,,,,,
37,TSHE,41.6,105.6,95,,,,,,,,
37,TSHE,41.0,104.2,100,,,,,,,,
37,TSHE,37.3,94.7,95,,,,,,,,
37,TSHE,10.9,27.7,95,,,,,,,,
37,TSHE,5.6,14.1,95,,,,,,,,
37,TSHE,5.2,13.1,15,,,,,,,,
37,TSHE,4.6,11.8,95,,,,,,,,
37,TSHE,4.5,11.4,80,,,,,,,,
37,TSHE,3.5,8.9,0,5,,,,,,,1
37,TSHE,2.6,6.6,0,5,,,,,,,1
37,TSHE,2.5,6.4,90,,,,,,,,
37,TSHE,2.4,6.0,80,,,,,,,,
37,TSHE,2.3,5.8,0,5,,,,,,,1
37,TSHE,1.5,3.9,0,5,,,,,,,1
37,TSHE,1.1,2.7,0,1,,,,,,,1
38,CANO,45.4,115.2,80,,,,,,,,
38,CANO,33.5,85.2,100,,,,,,,,
38,TSHE,33.4,84.8,100,,,,,,,,
38,TSME,28.1,71.3,95,,,,,,,,
38,CANO,26.8,68.0,100,,,,,,,,
38,TSHE,23.8,60.5,95,,,,,,,,
38,UNK,23.5,59.8,0,5,2.1336,7,,,,1,1
38,CANO,23.1,58.8,80,,,,,,,,
38,CANO,21.9,55.6,85,,,,,,,,
38,PISI,18.6,47.3,80,,,,,,,,
38,CANO,15.0,38.2,85,,,,,,,,
38,CANO,13.3,33.7,60,,,,,,,,
38,TSHE,13.1,33.4,95,,,,,,,,
38,TSHE,13.1,33.2,95,,,,,,,,
38,PISI,12.3,31.2,75,,,,,,,,
38,CANO,11.7,29.6,80,,,,,,,,
38,TSHE,9.7,24.6,0,1,,,,,,,1
38,CANO,8.9,22.5,80,,,,,,,,
38,CANO,6.2,15.8,75,,,,,,,,
38,TSHE,5.2,13.3,90,,,,,,,,
38,TSME,5.0,12.8,95,,,,,,,,
38,TSME,4.7,11.9,95,,,,,,,,
38,TSHE,4.1,10.4,95,,,,,,,,
38,TSME,3.5,9.0,75,,,,,,,,
38,TSME,3.3,8.4,75,,,,,,,,
38,TSME,3.2,8.2,95,,,,,,,,
38,CANO,3.1,7.9,95,,,,,,,,
38,TSHE,2.5,6.4,80,,,,,,,,
38,UNK,1.9,4.7,0,1,,,,,,,1
38,UNK,1.8,4.5,0,5,,,,,,,1
38,UNK,1.6,4.1,0,1,,,,,,,1
38,UNK,1.5,3.9,0,1,,,,,,,1
38,UNK,1.5,3.9,0,1,,,,,,,1
38,UNK,1.5,3.8,0,5,,,,,,,1
38,TSHE,1.0,2.5,75,,,,,,,,
39,PISI,56.7,144.0,100,,,,,,,,
39,PISI,55.9,142.0,90,,,,,,,,
39,UNK,43.5,110.4,0,5,3.6576,12,,,,1,1
39,PISI,33.4,84.9,95,,,,,,,,
39,UNK,11.0,28.0,0,5,1.8288,6,,,,1,1
39,TSHE,9.9,25.1,100,,,,,,,,
39,TSHE,6.1,15.5,95,,,,,,,,
39,UNK,5.3,13.5,0,5,,,,,,,1
40,PISI,45.7,116.0,95,,,,,,,,
40,PISI,41.9,106.4,100,,,,,,,,
40,TSHE,28.7,73.0,90,,,,,,,,
40,TSHE,19.6,49.9,95,,,,,,,,
40,TSHE,18.9,48.1,100,,,,,,,,
40,CANO,18.3,46.6,0,5,,,-2,64,5,1,1
40,CANO,17.2,43.7,10,,,,,,,,
40,CANO,16.9,43.0,75,,,,,,,,
40,CANO,16.4,41.6,80,,,,,,,,
40,CANO,16.3,41.4,75,,,,,,,,
40,CANO,16.2,41.1,75,,,,,,,,
40,CANO,14.2,36.0,75,,,,,,,,
40,CANO,13.7,34.7,30,,,,,,,,
40,CANO,10.6,26.8,90,,,,,,,,
40,TSHE,9.5,24.1,0,1,,,,,,,1
40,CANO,8.5,21.7,95,,,,,,,,
40,TSHE,6.7,17.1,75,,,,,,,,
40,TSHE,5.9,14.9,90,,,,,,,,
40,TSHE,5.4,13.8,95,,,,,,,,
40,CANO,5.3,13.5,95,,,,,,,,
40,CANO,5.3,13.4,95,,,,,,,,
40,TSHE,4.5,11.5,95,,,,,,,,
40,CANO,3.9,9.8,95,,,,,,,,
40,CANO,3.7,9.5,20,,,,,,,,
40,CANO,3.5,9.0,95,,,,,,,,
40,TSHE,3.5,9.0,80,,,,,,,,
40,TSHE,3.5,8.9,60,,,,,,,,
40,TSHE,3.2,8.1,50,,,,,,,,
40,TSHE,3.1,7.8,95,,,,,,,,
40,TSHE,2.8,7.0,60,,,,,,,,
40,CANO,2.7,6.8,0,1,,,,,,,1
40,UNK,2.2,5.5,0,1,,,,,,,1
40,TSHE,2.1,5.4,20,,,,,,,,
40,UNK,1.6,4.0,0,1,,,,,,,1
40,UNK,1.5,3.8,0,1,,,,,,,1
40,UNK,1.3,3.4,0,1,,,,,,,1
40,UNK,1.3,3.3,0,1,,,,,,,1
40,TSHE,1.1,2.9,0,1,,,,,,,1
40,UNK,1.1,2.7,0,1,,,,,,,1
40,UNK,0.9,2.4,0,1,,,,,,,1
41,TSHE,62.0,157.6,0,5,,,-17,75,5,1,1
41,UNK,50.2,127.5,0,5,1.8288,6,,,,1,1
41,TSHE,46.5,118.0,0,5,,,-13,67,5,1,1
41,UNK,45.2,114.9,0,5,3.6576,12,,,,1,1
41,TSHE,39.2,99.5,95,,,,,,,,
41,TSHE,30.2,76.8,100,,,,,,,,
41,TSHE,25.4,64.6,80,,,,,,,,
41,TSHE,22.6,57.3,90,,,,,,,,
41,UNK,22.1,56.2,0,5,1.8288,6,,,,1,1
41,TSHE,19.5,49.5,95,,,,,,,,
41,TSHE,11.0,28.0,100,,,,,,,,
41,TSHE,9.0,22.8,80,,,,,,,,
41,TSHE,8.4,21.4,95,,,,,,,,
41,TSHE,7.4,18.8,95,,,,,,,,
41,TSHE,5.9,15.1,95,,,,,,,,
41,UNK,4.5,11.5,0,5,3.6576,12,,,,1,1
41,TSHE,3.6,9.2,90,,,,,,,,
41,TSHE,3.5,9.0,0,1,,,,,,,1
41,UNK,3.4,8.7,0,5,,,,,,,1
41,TSHE,3.3,8.4,95,,,,,,,,
41,UNK,3.3,8.3,0,5,,,,,,,1
41,TSHE,2.8,7.2,0,1,,,,,,,1
41,TSHE,2.8,7.1,0,1,,,,,,,1
41,TSHE,2.7,6.8,0,5,,,,,,,1
41,UNK,2.5,6.4,0,5,,,,,,,1
41,UNK,2.4,6.1,0,1,,,,,,,1
41,UNK,2.0,5.2,0,1,1.8288,6,,,,1,1
41,UNK,1.7,4.3,0,5,,,,,,,1
41,UNK,1.7,4.2,0,5,,,,,,,1
41,TSHE,1.5,3.8,0,1,,,,,,,1
41,UNK,1.4,3.6,0,5,1.8288,6,,,,1,1
41,TSHE,1.2,3.0,0,1,,,,,,,1
41,TSHE,0.5,1.2,0,1,,,,,,,1
42,PISI,66.8,169.6,90,,,,,,,,
42,PISI,66.2,168.1,90,,,,,,,,
42,PISI,65.4,166.0,95,,,,,,,,
42,PISI,64.8,164.7,100,,,,,,,,
42,PISI,40.1,101.9,90,,,,,,,,
42,TSHE,25.8,65.5,100,,,,,,,,
42,PISI,25.0,63.5,75,,,,,,,,
42,TSHE,20.1,51.0,95,,,,,,,,
42,UNK,18.9,47.9,0,5,,,,,,,1
42,PISI,17.8,45.1,0,5,,,,,,,1
42,PISI,12.7,32.3,100,,,,,,,,
42,TSHE,10.8,27.5,100,,,,,,,,
42,TSHE,10.5,26.7,90,,,,,,,,
42,TSHE,5.3,13.5,95,,,,,,,,
42,TSHE,5.3,13.5,95,,,,,,,,
42,UNK,2.6,6.6,0,5,,,,,,,1
42,TSHE,0.7,1.8,75,,,,,,,,
42,UNK,0.4,0.9,0,1,,,,,,,1
43,PISI,46.8,118.8,100,,,,,,,,
43,UNK,42.1,107.0,0,5,1.725168,5.66,,,,1,1
43,UNK,38.0,96.5,0,5,,,,,,,1
43,TSHE,31.6,80.3,0,5,,,,,,,1
43,TSHE,29.5,74.9,95,,,,,,,,
43,TSHE,25.7,65.3,0,5,,,,,,,1
43,TSHE,23.7,60.1,0,1,,,,,,,1
43,UNK,23.0,58.5,0,5,,,,,,,1
43,TSHE,22.9,58.1,70,,,,,,,,
43,TSHE,21.5,54.5,100,,,,,,,,
43,TSHE,19.2,48.8,100,,,,,,,,
43,TSHE,18.7,47.4,95,,,,,,,,
43,TSHE,18.4,46.8,100,,,,,,,,
43,UNK,16.1,40.8,0,5,1.8288,6,,,,1,1
43,TSHE,15.5,39.4,0,5,,,,,,,1
43,TSHE,14.8,37.5,90,,,,,,,,
43,UNK,13.9,35.4,0,5,1.8288,6,,,,1,1
43,UNK,11.9,30.2,0,5,1.8288,6,,,,1,1
43,TSHE,11.0,28.0,70,,,,,,,,
43,TSHE,10.2,25.9,100,,,,,,,,
43,UNK,9.1,23.2,0,5,,,,,,,1
43,TSHE,9.0,22.9,95,,,,,,,,
43,TSHE,7.7,19.5,100,,,,,,,,
43,TSHE,7.0,17.9,95,,,,,,,,
43,TSHE,7.0,17.8,95,,,,,,,,
43,UNK,6.4,16.2,0,5,1.6764,5.5,,,,1,1
43,TSHE,6.1,15.5,95,,,,,,,,
43,TSHE,5.3,13.5,95,,,,,,,,
43,TSHE,5.3,13.4,95,,,,,,,,
43,TSHE,4.6,11.8,80,,,,,,,,
43,TSHE,4.3,11.0,95,,,,,,,,
43,TSHE,4.1,10.4,0,1,,,,,,,1
43,TSHE,3.9,9.8,0,1,,,,,,,1
43,TSHE,3.6,9.1,0,1,,,,,,,1
43,TSHE,3.2,8.2,0,5,,,,,,,1
43,TSHE,3.0,7.6,0,1,,,,,,,1
43,TSHE,3.0,7.5,0,1,,,,,,,1
43,TSHE,3.0,7.5,50,,,,,,,,
43,TSHE,2.6,6.7,0,5,,,,,,,1
43,TSHE,2.4,6.1,0,5,,,,,,,1
43,TSHE,2.4,6.1,0,5,,,,,,,1
43,TSHE,2.4,6.0,0,1,,,,,,,1
43,TSHE,2.4,6.0,0,1,,,,,,,1
43,TSHE,2.2,5.5,0,5,,,,,,,1
43,TSHE,2.2,5.5,30,,,,,,,,
43,TSHE,2.0,5.2,0,5,,,,,,,1
43,TSHE,1.8,4.6,95,,,,,,,,
43,TSHE,1.8,4.5,0,1,,,,,,,1
43,TSHE,1.7,4.4,50,,,,,,,,
43,TSHE,1.4,3.5,0,1,,,,,,,1
43,TSHE,1.3,3.4,100,,,,,,,,
43,TSHE,1.3,3.3,80,,,,,,,,
43,TSHE,1.3,3.2,0,1,,,,,,,1
43,TSHE,1.1,2.8,100,,,,,,,,
43,TSHE,0.9,2.4,0,1,,,,,,,1
43,TSHE,0.8,2.0,0,2,,,,,,,1
43,UNK,0.7,1.8,0,2,,,,,,,1
43,PISI,0.4,1.1,95,,,,,,,,
44,TSHE,35.6,90.3,100,,,,,,,,
44,CANO,35.0,89.0,70,,,,,,,,
44,PISI,31.4,79.8,90,,,,,,,,
44,TSHE,30.4,77.1,100,,,,,,,,
44,TSHE,28.9,73.5,0,1,2.286,7.5,,,,1,1
44,TSHE,28.7,72.8,100,,,,,,,,
44,TSHE,26.9,68.4,80,,,,,,,,
44,TSHE,14.4,36.7,100,,,,,,,,
44,TSHE,10.4,26.3,95,,,,,,,,
44,TSHE,9.8,25.0,95,,,,,,,,
44,TSHE,9.8,24.8,0,5,,,,,,,1
44,TSHE,9.0,22.8,90,,,,,,,,
44,TSHE,9.0,22.8,100,,,,,,,,
44,TSHE,7.6,19.2,95,,,,,,,,
44,TSHE,7.0,17.9,95,,,,,,,,
44,TSHE,6.5,16.4,95,,,,,,,,
44,TSHE,6.0,15.3,95,,,,,,,,
44,TSHE,5.8,14.8,95,,,,,,,,
44,TSHE,5.6,14.3,0,1,1.8288,6,,,,1,1
44,TSHE,5.6,14.3,90,,,,,,,,
44,TSHE,5.5,14.0,90,,,,,,,,
44,TSHE,5.4,13.6,95,,,,,,,,
44,TSHE,5.2,13.2,75,,,,,,,,
44,TSHE,5.2,13.2,100,,,,,,,,
44,TSHE,4.7,11.9,0,5,2.7432,9,,,,1,1
44,TSHE,4.5,11.4,90,,,,,,,,
44,TSHE,4.4,11.1,95,,,,,,,,
44,TSHE,4.3,11.0,95,,,,,,,,
44,TSHE,4.2,10.7,0,5,,,,,,,1
44,TSHE,3.8,9.7,0,5,,,,,,,1
44,TSHE,3.6,9.1,95,,,,,,,,
44,TSHE,3.5,9.0,95,,,,,,,,
44,TSHE,3.5,8.9,0,5,3.6576,12,,,,1,1
44,TSHE,3.3,8.4,0,5,,,,,,,1
44,TSHE,3.3,8.4,75,,,,,,,,
44,TSHE,3.2,8.1,95,,,,,,,,
44,TSHE,3.1,7.9,95,,,,,,,,
44,TSHE,2.8,7.1,0,1,,,,,,,1
44,TSHE,2.6,6.6,80,,,,,,,,
44,TSHE,2.5,6.3,0,5,1.8288,6,,,,1,1
44,TSHE,2.5,6.3,0,1,,,,,,,1
44,TSHE,2.4,6.1,80,,,,,,,,
44,TSHE,2.4,6.0,0,5,,,,,,,1
44,UNK,2.2,5.7,0,5,,,,,,,1
44,TSHE,2.2,5.6,75,,,,,,,,
44,TSHE,2.1,5.4,0,1,,,,,,,1
44,TSHE,2.1,5.3,0,5,,,,,,,1
44,TSHE,2.1,5.3,75,,,,,,,,
44,TSHE,2.0,5.2,0,5,,,,,,,1
44,TSHE,2.0,5.1,0,1,,,,,,,1
44,TSHE,2.0,5.0,40,,,,,,,,
44,UNK,1.1,2.9,0,5,,,,,,,1